Date,Adj Close_x,Adj Close_y,spread
2018-01-02,12902.7197265625,1550.010009765625,-809.0556801981384
2018-01-03,12957.2802734375,1552.5799560546875,-816.4612985098861
2018-01-04,13028.4599609375,1555.719970703125,-826.3354050825665
2018-01-05,13103.23046875,1560.010009765625,-835.716014018295
2018-01-08,13114.349609375,1561.81005859375,-835.948930619646
2018-01-09,13120.83984375,1560.0999755859375,-838.8456540845373
2018-01-10,13106.599609375,1559.800048828125,-836.5419709800085
2018-01-11,13210.76953125,1586.7900390625,-828.5978636160185
2018-01-12,13294.3203125,1591.969970703125,-838.6939191775937
2018-01-16,13246.8603515625,1572.969970703125,-849.0165885165093
2018-01-17,13352.3896484375,1586.6600341796875,-854.6209489148841
2018-01-18,13315.91015625,1576.72998046875,-857.8812833549559
2018-01-19,13384.4599609375,1597.6300048828125,-849.5145461639804
2018-01-22,13470.3701171875,1605.1700439453125,-857.681870070202
2018-01-23,13474.1103515625,1610.7099609375,-852.8257979396776
2018-01-24,13507.66015625,1601.77001953125,-867.899809900086
2018-01-25,13512.66015625,1601.6700439453125,-868.9139592958704
2018-01-26,13637.01953125,1608.06005859375,-885.2611613742197
2018-01-29,13524.650390625,1598.1099853515625,-874.6662495375308
2018-01-30,13375.509765625,1582.8199462890625,-862.6881979281902
2018-01-31,13367.9599609375,1574.97998046875,-869.147797005548
2018-02-01,13381.9697265625,1579.8699951171875,-866.8192545204042
2018-02-02,13085.349609375,1547.27001953125,-845.1867615850338
2018-02-05,12572.9296875,1491.0899658203125,-807.6786408515841
2018-02-06,12745.4501953125,1507.1700439453125,-823.1413087073201
2018-02-07,12687.1796875,1507.969970703125,-811.687507523774
2018-02-08,12270.650390625,1463.7900390625,-779.7114043169822
2018-02-09,12405.8203125,1477.8399658203125,-790.3752380506062
2018-02-12,12560.1201171875,1490.97998046875,-805.4465914641305
2018-02-13,12574.3701171875,1494.949951171875,-804.0820161190691
2018-02-14,12746.7197265625,1522.0999755859375,-808.4434915106017
2018-02-15,12856.8701171875,1537.199951171875,-813.4828363754209
2018-02-16,12874.3603515625,1543.550048828125,-810.3305615579129
2018-02-20,12763.33984375,1529.989990234375,-803.5922120320438
2018-02-21,12695.5302734375,1531.8399658203125,-789.3442897987743
2018-02-22,12711.75,1529.989990234375,-794.1597952299749
2018-02-23,12884.1103515625,1549.18994140625,-806.4733079089892
2018-02-26,12999.6201171875,1559.3299560546875,-817.4524937637384
2018-02-27,12819.2197265625,1536.469970703125,-807.3290166361949
2018-02-28,12652.5498046875,1512.449951171875,-800.8759806739727
2018-03-01,12518.73046875,1507.3900146484375,-781.4690907643762
2018-03-02,12557.990234375,1533.1700439453125,-762.8671113705218
2018-03-05,12680.73046875,1546.050048828125,-772.4282880237292
2018-03-06,12720.76953125,1562.199951171875,-763.5989181416439
2018-03-07,12707.009765625,1574.530029296875,-748.7530765438428
2018-03-08,12745.009765625,1571.969970703125,-758.2608560924295
2018-03-09,12918.8203125,1597.1400146484375,-764.8694221127762
2018-03-12,12898.400390625,1601.06005859375,-757.2159066120148
2018-03-13,12831.75,1592.050048828125,-754.0399080725515
2018-03-14,12762.669921875,1584.31005859375,-749.1496586661151
2018-03-15,12743.6103515625,1576.6199951171875,-753.3549701413531
2018-03-16,12784.3896484375,1586.050048828125,-751.3807894678353
2018-03-19,12651.4599609375,1570.56005859375,-742.5666119294829
2018-03-20,12663.6396484375,1570.4100341796875,-744.9435066084693
2018-03-21,12683.759765625,1579.300048828125,-739.7321487968043
2018-03-22,12377.3896484375,1543.8699951171875,-719.1470950572325
2018-03-23,12177.7001953125,1510.0799560546875,-716.4269604898259
2018-03-26,12433.150390625,1543.719970703125,-729.4921214963829
2018-03-27,12302.5400390625,1513.5699462890625,-735.7620333717778
2018-03-28,12308.900390625,1513.030029296875,-737.4648437279366
2018-03-29,12452.0595703125,1529.4300537109375,-747.2392938557705
2018-04-02,12216.7099609375,1492.530029296875,-741.1092284601668
2018-04-03,12367.0703125,1512.1500244140625,-748.9803324305421
2018-04-04,12466.4501953125,1531.6600341796875,-747.6404198834862
2018-04-05,12571.9404296875,1542.9300537109375,-755.6576822442844
2018-04-06,12349.1103515625,1513.300048828125,-744.5466028334927
2018-04-09,12380.5498046875,1514.4599609375,-749.1349156526744
2018-04-10,12565.9697265625,1543.4300537109375,-754.0660301596349
2018-04-11,12514.58984375,1546.800048828125,-741.302006398409
2018-04-12,12580.2197265625,1557.3299560546875,-742.7715231739489
2018-04-13,12546.0498046875,1549.510009765625,-744.3440199304832
2018-04-16,12628.2099609375,1563.030029296875,-745.8457330105693
2018-04-17,12705.759765625,1579.800048828125,-743.2545135601308
2018-04-18,12732.849609375,1583.56005859375,-744.4474689283252
2018-04-19,12671.48046875,1573.8199462890625,-742.9671690145747
2018-04-20,12607.16015625,1564.1199951171875,-740.9071311607158
2018-04-23,12610.76953125,1562.1199951171875,-743.5670503796991
2018-04-24,12514.0,1553.280029296875,-734.7141819880285
2018-04-25,12517.8603515625,1550.469970703125,-738.2300470408263
2018-04-26,12582.900390625,1557.8900146484375,-742.7015831559856
2018-04-27,12594.01953125,1556.239990234375,-746.3845729995242
2018-04-30,12515.3603515625,1541.8800048828125,-746.3629259562153
2018-05-01,12493.01953125,1550.3299560546875,-733.8282962203039
2018-05-02,12418.0595703125,1554.9100341796875,-715.5429314800613
2018-05-03,12392.5,1546.56005859375,-719.2197291118732
2018-05-04,12493.349609375,1565.5999755859375,-718.6186264444696
2018-05-07,12519.75,1578.949951171875,-710.0955599943527
2018-05-08,12520.240234375,1586.3900146484375,-702.7451284030526
2018-05-09,12632.490234375,1596.050048828125,-713.6082962544288
2018-05-10,12731.6396484375,1603.7099609375,-724.0763436645748
2018-05-11,12761.8203125,1606.7900390625,-726.5143400695201
2018-05-14,12772.0302734375,1600.3399658203125,-734.8311490894321
2018-05-15,12704.6298828125,1600.3399658203125,-722.5080147128665
2018-05-16,12743.7998046875,1616.3699951171875,-713.6396087583666
2018-05-17,12747.830078125,1625.2900390625,-705.456438897671
2018-05-18,12717.419921875,1626.6300048828125,-698.556439397938
2018-05-21,12804.009765625,1637.43994140625,-703.578136345498
2018-05-22,12766.650390625,1625.239990234375,-708.9474950819231
2018-05-23,12743.400390625,1627.6099853515625,-702.3265917489475
2018-05-24,12696.6904296875,1628.219970703125,-693.1764018077779
2018-05-25,12634.9404296875,1626.9300537109375,-683.1762722483554
2018-05-29,12442.6904296875,1623.6500244140625,-651.3063185566161
2018-05-30,12625.8701171875,1647.989990234375,-660.4579672979926
2018-05-31,12527.1396484375,1633.6099853515625,-656.7866104277728
2018-06-01,12620.830078125,1647.97998046875,-659.5464827213091
2018-06-04,12673.91015625,1653.3699951171875,-663.8613515221723
2018-06-05,12658.7001953125,1664.6300048828125,-649.8204321689759
2018-06-06,12778.23046875,1675.949951171875,-660.3547749719942
2018-06-07,12788.5,1667.77001953125,-670.4123339142502
2018-06-08,12832.0703125,1672.489990234375,-673.6585309259945
2018-06-11,12856.9599609375,1674.6800537109375,-676.0191603970043
2018-06-12,12844.7099609375,1682.300048828125,-666.1594394456915
2018-06-13,12785.4501953125,1676.5400390625,-661.0847040689082
2018-06-14,12771.9501953125,1684.719970703125,-650.4365031416964
2018-06-15,12734.6396484375,1683.9100341796875,-644.4247747082954
2018-06-18,12708.6298828125,1692.4599609375,-631.1193586435566
2018-06-19,12638.98046875,1693.449951171875,-617.3950343677575
2018-06-20,12648.740234375,1706.989990234375,-605.6394197301811
2018-06-21,12560.23046875,1688.949951171875,-607.4967968626679
2018-06-22,12639.5703125,1685.5799560546875,-625.3728734265751
2018-06-25,12481.599609375,1657.510009765625,-624.5602838116415
2018-06-26,12510.5498046875,1668.530029296875,-618.8333663493199
2018-06-27,12412.0703125,1640.449951171875,-628.9079699613521
2018-06-28,12475.98046875,1645.02001953125,-636.0228998073721
2018-06-29,12504.25,1643.0699462890625,-643.1416260666397
2018-07-02,12485.580078125,1655.0899658203125,-627.708095813387
2018-07-03,12494.7001953125,1660.4200439453125,-624.0454921434966
2018-07-05,12585.2099609375,1679.47998046875,-621.5338870740106
2018-07-06,12664.8798828125,1694.050048828125,-621.530249916771
2018-07-09,12776.919921875,1704.5999755859375,-631.4651370319916
2018-07-10,12814.6396484375,1695.6199951171875,-647.3415947283465
2018-07-11,12681.58984375,1683.6600341796875,-634.975426295734
2018-07-12,12761.4599609375,1690.280029296875,-642.9584650429902
2018-07-13,12769.5,1687.0799560546875,-647.6285369133943
2018-07-16,12748.7802734375,1678.5400390625,-652.3801676314565
2018-07-17,12779.2197265625,1687.260009765625,-649.2255870949193
2018-07-18,12823.23046875,1691.8699951171875,-652.6622953153042
2018-07-19,12786.48046875,1701.31005859375,-636.5030543363669
2018-07-20,12789.91015625,1696.81005859375,-641.6301204340589
2018-07-23,12794.0498046875,1698.4100341796875,-640.7870164848287
2018-07-24,12847.490234375,1680.199951171875,-668.7678677340969
2018-07-25,12933.6298828125,1685.199951171875,-679.5171898522935
2018-07-26,12953.3896484375,1695.3599853515625,-672.969927717224
2018-07-27,12921.33984375,1663.3399658203125,-699.1301288372697
2018-07-30,12903.4296875,1653.1300048828125,-706.0654906199661
2018-07-31,12963.2802734375,1670.800048828125,-699.3382143082649
2018-08-01,12902.3896484375,1669.260009765625,-689.7453304427227
2018-08-02,12898.0703125,1682.0999755859375,-676.1156398644116
2018-08-03,12953.33984375,1673.3699951171875,-694.9508119234151
2018-08-06,12964.26953125,1684.31005859375,-686.0090752593146
2018-08-07,12999.58984375,1688.300048828125,-688.4768659535616
2018-08-08,12987.91015625,1686.8800048828125,-687.7614570149349
2018-08-09,12956.66015625,1690.8900146484375,-678.0378609377663
2018-08-10,12843.490234375,1686.800048828125,-661.4364310299693
2018-08-13,12763.66015625,1675.3199462890625,-658.3208202370497
2018-08-14,12835.3095703125,1692.5799560546875,-654.160814036788
2018-08-15,12723.08984375,1670.6700439453125,-655.5530591518386
2018-08-16,12841.2802734375,1685.75,-662.082422176125
2018-08-17,12908.259765625,1692.949951171875,-667.1286505151816
2018-08-20,12965.099609375,1698.68994140625,-671.780959583215
2018-08-21,12996.759765625,1718.050048828125,-658.2094292932225
2018-08-22,12990.509765625,1722.5400390625,-652.5767217965385
2018-08-23,12933.4599609375,1717.050048828125,-647.6360245704745
2018-08-24,12999.4404296875,1725.6700439453125,-651.0795527518221
2018-08-27,13102.0302734375,1728.4100341796875,-667.0965521799549
2018-08-28,13084.7998046875,1728.4200439453125,-663.9362137618027
2018-08-29,13132.16015625,1734.75,-666.2653763118315
2018-08-30,13039.9296875,1732.3499755859375,-651.8024649256627
2018-08-31,13016.8896484375,1740.75,-639.1899204538427
2018-09-04,12969.8603515625,1733.3800048828125,-637.9613252713016
2018-09-05,12968.5498046875,1727.6500244140625,-643.4516922141115
2018-09-06,12938.91015625,1714.469970703125,-651.2125878581223
2018-09-07,12911.1201171875,1713.1800537109375,-647.4215196731975
2018-09-10,12928.669921875,1717.469970703125,-646.3403170436586
2018-09-11,12952.2998046875,1718.4000244140625,-649.7306273321087
2018-09-12,12990.099609375,1715.699951171875,-659.3418188668247
2018-09-13,13034.6103515625,1714.3199462890625,-668.8599347025697
2018-09-14,13050.51953125,1721.719970703125,-664.3686613697992
2018-09-17,13031.91015625,1703.550048828125,-679.1361425962755
2018-09-18,13091.98046875,1710.969970703125,-682.6991620086396
2018-09-19,13121.9697265625,1702.9300537109375,-696.2221578146141
2018-09-20,13225.1103515625,1720.1800537109375,-697.8298494358628
2018-09-21,13236.4404296875,1712.3199462890625,-707.7614889948168
2018-09-24,13162.0498046875,1705.3199462890625,-701.1602967801878
2018-09-25,13160.599609375,1708.81005859375,-697.40503836073
2018-09-26,13101.9599609375,1691.6099853515625,-703.883745438879
2018-09-27,13105.7197265625,1690.530029296875,-705.6511173466738
2018-09-28,13082.51953125,1696.5699462890625,-695.3693981668821
2018-10-01,13125.349609375,1672.989990234375,-726.7801813606843
2018-10-02,13106.009765625,1656.0400390625,-740.1941368040029
2018-10-03,13118.5498046875,1671.2900390625,-727.2368918610819
2018-10-04,13042.2998046875,1646.9100341796875,-737.6757461437287
2018-10-05,12991.9501953125,1632.1099853515625,-743.270136126524
2018-10-08,13000.1396484375,1629.52001953125,-747.3574186596052
2018-10-09,12960.4501953125,1621.8699951171875,-747.7508313588633
2018-10-10,12622.1298828125,1575.4100341796875,-732.3540784910174
2018-10-11,12349.5302734375,1545.3800048828125,-712.5434230948663
2018-10-12,12439.419921875,1546.6800537109375,-727.6783267423234
2018-10-15,12425.6796875,1553.0899658203125,-718.7562221515918
2018-10-16,12645.9501953125,1596.8399658203125,-715.2793280163664
2018-10-17,12613.0498046875,1589.5999755859375,-716.5039831621193
2018-10-18,12445.48046875,1560.75,-714.7164590985558
2018-10-19,12457.26953125,1542.0400390625,-735.5818704720859
2018-10-22,12374.759765625,1539.5,-723.0362561763891
2018-10-23,12287.4404296875,1526.5899658203125,-719.9812803546188
2018-10-24,11969.740234375,1468.699951171875,-719.7846554154676
2018-10-25,12118.849609375,1500.4000244140625,-715.3469592588094
2018-10-26,11976.9501953125,1483.8199462890625,-705.9828917900968
2018-10-29,11942.509765625,1477.31005859375,-706.1958717213715
2018-10-30,12129.9404296875,1506.6400146484375,-711.1347565163155
2018-10-31,12208.0595703125,1511.4100341796875,-720.6476314664901
2018-11-01,12356.5,1544.97998046875,-714.2177558059752
2018-11-02,12321.7998046875,1547.97998046875,-704.873353855723
2018-11-05,12424.3095703125,1547.510009765625,-724.0856731564327
2018-11-06,12480.0595703125,1556.0999755859375,-725.6887453159134
2018-11-07,12679.099609375,1582.1600341796875,-736.0201248865328
2018-11-08,12622.0400390625,1578.2099609375,-729.537725172559
2018-11-09,12537.5302734375,1549.489990234375,-742.8063729935484
2018-11-12,12343.509765625,1518.7900390625,-738.0326308023455
2018-11-13,12328.2998046875,1514.800048828125,-739.2417114491491
2018-11-14,12275.490234375,1502.510009765625,-741.8763252938575
2018-11-15,12361.51953125,1524.1199951171875,-735.9954859588292
2018-11-16,12400.2802734375,1527.530029296875,-739.6722628507505
2018-11-19,12280.91015625,1496.5400390625,-748.837246122891
2018-11-20,12048.66015625,1469.010009765625,-733.9039019523757
2018-11-21,12123.33984375,1488.280029296875,-728.2879253091364
2018-11-23,12036.240234375,1488.6800537109375,-711.9630645473694
2018-11-26,12181.599609375,1505.9599609375,-721.2599040489508
2018-11-27,12188.0703125,1492.8599853515625,-735.542949100522
2018-11-28,12417.6298828125,1530.3800048828125,-739.9943989651529
2018-11-29,12389.3701171875,1525.3900146484375,-739.8175216781701
2018-11-30,12457.5498046875,1533.27001953125,-744.4031337305673
2018-12-03,12577.5400390625,1548.9599609375,-750.6515782649212
2018-12-04,12221.98046875,1480.75,-753.8528897983979
2018-12-06,12144.41015625,1477.4100341796875,-743.0103059968824
2018-12-07,11941.9296875,1448.0899658203125,-735.3099060489012
2018-12-10,11889.2900390625,1443.0999755859375,-730.6755386910536
2018-12-11,11860.650390625,1440.1300048828125,-728.4091860892213
2018-12-12,11943.2900390625,1455.3199462890625,-728.3286451342756
2018-12-13,11936.16015625,1432.699951171875,-749.6450498245699
2018-12-14,11755.3798828125,1410.81005859375,-738.4820241399889
2018-12-17,11532.1201171875,1378.1400146484375,-730.3324219799138
2018-12-18,11502.16015625,1377.1800537109375,-725.8146605907937
2018-12-19,11371.83984375,1349.22998046875,-729.9376505172677
2018-12-20,11222.7900390625,1326.0,-725.9161454243949
2018-12-21,11036.83984375,1292.0899658203125,-725.8280199059607
2018-12-24,10769.830078125,1266.9200439453125,-702.1792748394121
2018-12-26,11204.08984375,1329.81005859375,-718.687041071903
2018-12-27,11285.3095703125,1331.8199462890625,-731.5269427498638
2018-12-28,11290.9501953125,1337.9200439453125,-726.4581474228476
2018-12-31,11374.3896484375,1348.56005859375,-731.073765325375
2019-01-02,11383.5302734375,1355.9100341796875,-725.3950137355641
2019-01-03,11190.4404296875,1330.8299560546875,-715.1715562398267
2019-01-04,11533.33984375,1380.75,-727.9454450440735
2019-01-07,11605.9599609375,1405.3699951171875,-716.6029317670514
2019-01-08,11716.23046875,1426.550048828125,-715.5841601042557
2019-01-09,11778.419921875,1438.81005859375,-714.6945441977464
2019-01-10,11839.3095703125,1445.4300537109375,-719.2072934590292
2019-01-11,11848.009765625,1447.3800048828125,-718.8480404262023
2019-01-14,11799.1103515625,1432.81005859375,-724.4774739847048
2019-01-15,11868.6796875,1445.219970703125,-724.7872548518312
2019-01-16,11907.6103515625,1454.699951171875,-722.4251530802585
2019-01-17,11994.5400390625,1467.25,-725.768872974269
2019-01-18,12151.76953125,1482.5,-739.2658897529382
2019-01-22,11999.3701171875,1457.449951171875,-736.452027986672
2019-01-23,12020.9296875,1454.260009765625,-743.58380829917
2019-01-24,12029.4501953125,1464.4100341796875,-734.9916289028642
2019-01-25,12127.25,1482.8499755859375,-734.4328915073061
2019-01-28,12065.1103515625,1473.5400390625,-732.3815401998118
2019-01-29,12090.7802734375,1471.449951171875,-739.1649821462252
2019-01-30,12222.3896484375,1486.93994140625,-747.7377606629148
2019-01-31,12299.0302734375,1499.4200439453125,-749.2702285529126
2019-02-01,12329.6904296875,1502.050048828125,-752.2459660400127
2019-02-04,12381.830078125,1517.5400390625,-746.2889160168756
2019-02-05,12428.259765625,1520.22998046875,-752.0879354730014
2019-02-06,12398.669921875,1518.02001953125,-748.8878443717585
2019-02-07,12295.2197265625,1505.6300048828125,-742.3635671845486
2019-02-08,12292.1396484375,1506.3900146484375,-741.0404120680919
2019-02-11,12297.900390625,1518.97998046875,-729.5037101743983
2019-02-12,12438.4404296875,1538.22998046875,-735.9493147635585
2019-02-13,12474.8896484375,1542.93994140625,-737.9035380601849
2019-02-14,12440.2197265625,1545.1099853515625,-729.3946272013595
2019-02-15,12603.4697265625,1569.25,-735.1023874444245
2019-02-19,12628.3603515625,1574.469970703125,-734.4332882384438
2019-02-20,12673.66015625,1581.6600341796875,-735.5256037691802
2019-02-21,12621.76953125,1575.550048828125,-732.1481790504249
2019-02-22,12694.51953125,1590.06005859375,-730.9393982180727
2019-02-25,12700.1904296875,1588.81005859375,-733.2262355840458
2019-02-26,12686.5595703125,1577.47998046875,-742.0641187797792
2019-02-27,12689.8701171875,1581.050048828125,-739.0993334702835
2019-02-28,12644.8095703125,1575.550048828125,-736.3606991081824
2019-03-01,12700.669921875,1589.6400146484375,-732.483947369326
2019-03-04,12637.26953125,1575.43994140625,-735.0922252828254
2019-03-05,12624.4697265625,1568.280029296875,-739.9118881489067
2019-03-06,12538.0,1536.8199462890625,-755.5622992831063
2019-03-07,12443.4296875,1523.6300048828125,-751.4615001140487
2019-03-08,12415.1298828125,1521.8800048828125,-748.0373120602294
2019-03-11,12561.259765625,1548.8800048828125,-747.7549344008671
2019-03-12,12582.8095703125,1549.8299560546875,-750.7450366395178
2019-03-13,12674.259765625,1555.8800048828125,-761.4152625034076
2019-03-14,12660.16015625,1549.6400146484375,-765.0773540138434
2019-03-15,12715.76953125,1553.5400390625,-771.344656441172
2019-03-18,12781.41015625,1563.9300537109375,-772.9560298401316
2019-03-19,12760.7900390625,1554.989990234375,-778.1260190989365
2019-03-20,12700.25,1543.1600341796875,-778.8871515220144
2019-03-21,12782.5400390625,1562.4100341796875,-774.6826312264579
2019-03-22,12539.41015625,1505.9200439453125,-786.720027209165
2019-03-25,12535.6796875,1512.8599853515625,-779.0980264369746
2019-03-26,12641.3603515625,1528.1700439453125,-783.1100669018583
2019-03-27,12591.7197265625,1522.22998046875,-779.9740985225344
2019-03-28,12632.580078125,1535.0999755859375,-774.5747960572617
2019-03-29,12696.8798828125,1539.739990234375,-781.6910208935415
2019-04-01,12836.0302734375,1556.06005859375,-790.8124810820354
2019-04-02,12819.0498046875,1553.3199462890625,-790.4479734246879
2019-04-03,12833.599609375,1560.9100341796875,-785.5180956108034
2019-04-04,12868.740234375,1567.489990234375,-785.3630673634461
2019-04-05,12927.7197265625,1582.56005859375,-781.0765004192481
2019-04-08,12943.33984375,1579.0,-787.4924594209087
2019-04-09,12849.7099609375,1559.6800537109375,-789.693608372726
2019-04-10,12887.3603515625,1581.550048828125,-774.707413463515
2019-04-11,12887.1201171875,1579.1400146484375,-777.0735244484322
2019-04-12,12969.5400390625,1584.800048828125,-786.4827170662961
2019-04-15,12956.6796875,1579.1700439453125,-789.7614026323363
2019-04-16,12952.240234375,1582.7900390625,-785.3297211597651
2019-04-17,12907.1103515625,1567.5999755859375,-792.2684732545977
2019-04-18,12922.7099609375,1565.75,-796.9705997074288
2019-04-22,12914.2802734375,1560.0400390625,-801.1393207373899
2019-04-23,12993.849609375,1585.0899658203125,-790.6374345757727
2019-04-24,12951.6298828125,1588.1300048828125,-779.878161856805
2019-04-25,12912.9599609375,1575.6099853515625,-785.3279754266646
2019-04-26,12991.2001953125,1589.9000244140625,-785.3429709925467
2019-04-29,13008.0595703125,1598.3599853515625,-779.9654898701247
2019-04-30,13060.650390625,1591.2099609375,-796.7309443977979
2019-05-01,12946.1298828125,1576.3800048828125,-790.6225706659734
2019-05-02,12929.5595703125,1582.6500244140625,-781.3229219930276
2019-05-03,13037.8798828125,1614.02001953125,-769.7576454282271
2019-05-06,12976.669921875,1614.97998046875,-757.6063758525638
2019-05-07,12778.5,1582.31005859375,-754.0439472320563
2019-05-08,12766.6904296875,1574.969970703125,-759.2248351456346
2019-05-09,12731.349609375,1570.06005859375,-757.6732167853711
2019-05-10,12788.1396484375,1572.989990234375,-765.1264784189702
2019-05-13,12526.7099609375,1523.0,-767.3180339675519
2019-05-14,12620.0,1543.06005859375,-764.3146374599087
2019-05-15,12652.2900390625,1548.27001953125,-765.0084181283833
2019-05-16,12738.3603515625,1557.239990234375,-771.7750925238261
2019-05-17,12657.6298828125,1535.760009765625,-778.4947369549932
2019-05-20,12616.7998046875,1524.9599609375,-781.8296281679422
2019-05-21,12720.7197265625,1545.25,-780.5397632853351
2019-05-22,12671.990234375,1531.6300048828125,-785.2503132975321
2019-05-23,12525.0,1501.3800048828125,-788.6253887837543
2019-05-24,12581.3603515625,1514.1099853515625,-786.200039777445
2019-05-28,12465.900390625,1504.02001953125,-775.1799111227551
2019-05-29,12386.2099609375,1489.949951171875,-774.6797987389778
2019-05-30,12393.66015625,1485.530029296875,-780.4618753005643
2019-05-31,12264.490234375,1465.489990234375,-776.8851624434442
2019-06-03,12341.8203125,1469.97998046875,-786.5337986361278
2019-06-04,12560.580078125,1508.56005859375,-787.9506101876536
2019-06-05,12614.7001953125,1506.7900390625,-799.6156684626353
2019-06-06,12675.66015625,1499.2900390625,-818.2612684103065
2019-06-07,12765.8603515625,1514.3900146484375,-819.6530240639217
2019-06-10,12802.0302734375,1523.56005859375,-817.0960991750762
2019-06-11,12813.91015625,1519.1099853515625,-823.7182279635117
2019-06-12,12784.830078125,1519.7900390625,-817.7213250905384
2019-06-13,12827.509765625,1535.800048828125,-809.5146458299037
2019-06-14,12787.240234375,1522.5,-815.4520244973164
2019-06-17,12775.51953125,1532.75,-803.0590725313432
2019-06-18,12907.4599609375,1550.22998046875,-809.7023891186454
2019-06-19,12954.080078125,1555.5799560546875,-812.8761915616697
2019-06-20,13081.5400390625,1563.489990234375,-828.2702690006172
2019-06-21,13047.240234375,1549.6300048828125,-835.859057726544
2019-06-24,13019.98046875,1530.0799560546875,-850.4250737952812
2019-06-25,12936.650390625,1521.0400390625,-844.2293557885937
2019-06-26,12912.009765625,1521.8900146484375,-838.8742173960045
2019-06-27,12965.3203125,1546.550048828125,-823.9612043646653
2019-06-28,13049.7099609375,1566.5699462890625,-819.3706681884782
2019-07-01,13127.6904296875,1566.5699462890625,-833.628208630646
2019-07-02,13152.5498046875,1560.5400390625,-844.2032737680411
2019-07-03,13239.8701171875,1572.1199951171875,-848.5885062643833
2019-07-05,13210.91015625,1575.6199951171875,-839.7936186997331
2019-07-08,13147.2197265625,1561.3900146484375,-842.3787746168409
2019-07-09,13136.8896484375,1562.5899658203125,-839.2901260698563
2019-07-10,13173.259765625,1565.050048828125,-843.4797647808191
2019-07-11,13198.7197265625,1557.9200439453125,-855.2647355613894
2019-07-12,13234.759765625,1570.0,-849.7741514700615
2019-07-15,13233.3896484375,1561.8199462890625,-857.7037001311523
2019-07-16,13195.1904296875,1562.0,-850.5395013526418
2019-07-17,13119.9697265625,1550.780029296875,-848.0065127047378
2019-07-18,13168.7001953125,1555.6199951171875,-852.0761705389882
2019-07-19,13111.990234375,1547.9000244140625,-849.4275890328122
2019-07-22,13109.76953125,1544.780029296875,-852.1415624227357
2019-07-23,13197.51953125,1554.9599609375,-858.0053811449243
2019-07-24,13234.9296875,1580.4200439453125,-839.385175150318
2019-07-25,13169.2900390625,1561.449951171875,-846.3540584259308
2019-07-26,13235.5,1578.969970703125,-840.939521342691
2019-07-29,13222.6103515625,1569.030029296875,-848.5227869450018
2019-07-30,13187.2099609375,1585.5999755859375,-825.4804186623942
2019-07-31,13066.599609375,1574.6099853515625,-814.4186439777955
2019-08-01,12920.8203125,1550.760009765625,-811.6150965195275
2019-08-02,12839.509765625,1533.6600341796875,-813.8486776219738
2019-08-05,12497.3095703125,1487.4100341796875,-797.5325863661355
2019-08-06,12628.1396484375,1502.0899658203125,-806.772940917931
2019-08-07,12632.9599609375,1500.68994140625,-809.0542860205492
2019-08-08,12828.8203125,1532.1300048828125,-813.4243033011567
2019-08-09,12748.419921875,1513.0400390625,-817.8142828393015
2019-08-12,12586.240234375,1495.9000244140625,-805.3022129274073
2019-08-13,12724.3603515625,1510.5799560546875,-815.8754400359426
2019-08-14,12368.0498046875,1467.52001953125,-793.7894225343075
2019-08-15,12409.5400390625,1461.6500244140625,-807.2452747775019
2019-08-16,12580.41015625,1493.6400146484375,-806.4962817467849
2019-08-19,12687.91015625,1508.8499755859375,-810.9410577209937
2019-08-20,12599.41015625,1498.010009765625,-805.6001471070153
2019-08-21,12697.009765625,1509.8499755859375,-811.6047826350864
2019-08-22,12688.4599609375,1506.0,-813.8915567160998
2019-08-23,12416.4501953125,1459.489990234375,-810.6687257303297
2019-08-26,12519.6201171875,1476.0,-813.0217640731203
2019-08-27,12474.0498046875,1456.0400390625,-824.6498877718122
2019-08-28,12559.23046875,1472.7099609375,-823.5539523350735
2019-08-29,12704.0302734375,1496.719970703125,-826.0183803927016
2019-08-30,12736.8798828125,1494.8399658203125,-833.9044357863795
2019-09-03,12663.400390625,1472.280029296875,-843.0297668460839
2019-09-04,12796.3203125,1484.760009765625,-854.852168654339
2019-09-05,12917.759765625,1510.75,-851.0655319257658
2019-09-06,12933.3798828125,1505.1700439453125,-859.5013883883639
2019-09-09,12960.7197265625,1524.22998046875,-845.4401256892379
2019-09-10,12993.9599609375,1541.6099853515625,-834.1375911461851
2019-09-11,13082.41015625,1575.7099609375,-816.2093859663541
2019-09-12,13116.0498046875,1575.0699462890625,-822.9998977295959
2019-09-13,13124.33984375,1578.1400146484375,-821.4455366889301
2019-09-16,13107.98046875,1584.5999755859375,-811.9945133173369
2019-09-17,13131.41015625,1578.2900390625,-822.5882111778542
2019-09-18,13119.3095703125,1568.3399658203125,-830.3258766704689
2019-09-19,13111.25,1561.469970703125,-835.7223021679947
2019-09-20,13093.7998046875,1559.760009765625,-834.2417607992147
2019-09-23,13085.330078125,1558.25,-834.2032101248392
2019-09-24,12992.259765625,1533.5899658203125,-841.8467558721727
2019-09-25,13037.6103515625,1550.6500244140625,-833.0783608634779
2019-09-26,13028.740234375,1533.3299560546875,-848.7766634582358
2019-09-27,12971.98046875,1520.47998046875,-851.248980806688
2019-09-30,13004.740234375,1523.3699951171875,-854.3485901084705
2019-10-01,12835.349609375,1493.4300537109375,-853.3180369129996
2019-10-02,12608.4296875,1479.6300048828125,-825.6292358389974
2019-10-03,12685.76953125,1486.3499755859375,-833.0496770586533
2019-10-04,12831.5498046875,1500.699951171875,-845.3534030664928
2019-10-07,12777.740234375,1497.7900390625,-838.4250551961072
2019-10-08,12590.91015625,1472.5999755859375,-829.4560858099635
2019-10-09,12691.16015625,1479.4599609375,-840.925285345832
2019-10-10,12766.0,1485.3599853515625,-848.7085859496265
2019-10-11,12926.919921875,1511.9000244140625,-851.5903024992745
2019-10-14,12896.2197265625,1505.4300537109375,-852.4472103000248
2019-10-15,13006.0400390625,1523.300048828125,-854.6561858781783
2019-10-16,12994.8896484375,1525.06005859375,-850.8574970967661
2019-10-17,13039.23046875,1541.8399658203125,-842.1846331975667
2019-10-18,13006.6396484375,1535.47998046875,-842.5858836749062
2019-10-21,13088.6103515625,1552.4100341796875,-840.6429239582912
2019-10-22,13071.8603515625,1550.8699951171875,-839.1204807578042
2019-10-23,13114.3896484375,1552.8599853515625,-844.9063243942951
2019-10-24,13118.900390625,1548.489990234375,-850.1010399856395
2019-10-25,13146.240234375,1558.7099609375,-844.879743106826
2019-10-28,13186.4296875,1571.9300537109375,-839.0076794291776
2019-10-29,13209.6298828125,1577.0699462890625,-838.1095890386568
2019-10-30,13244.009765625,1572.8499755859375,-848.6153974323406
2019-10-31,13171.8095703125,1562.449951171875,-845.8147163222993
2019-11-01,13300.26953125,1589.3299560546875,-842.4216578200912
2019-11-04,13355.4404296875,1597.4000244140625,-844.4387475441736
2019-11-05,13339.58984375,1599.6099853515625,-839.3307484997154
2019-11-06,13351.5703125,1589.5400390625,-851.5911409409659
2019-11-07,13395.5498046875,1593.989990234375,-855.182169754727
2019-11-08,13407.7998046875,1598.8599853515625,-852.5519004716643
2019-11-11,13388.1201171875,1594.77001953125,-853.0437353122825
2019-11-12,13387.6201171875,1595.1199951171875,-852.6023423453603
2019-11-13,13385.0498046875,1589.1800537109375,-858.072341277486
2019-11-14,13392.0,1588.7900390625,-859.7330932315253
2019-11-15,13492.9599609375,1596.449951171875,-870.5321715485966
2019-11-18,13483.8095703125,1592.3399658203125,-872.9691474083102
2019-11-19,13466.349609375,1598.2900390625,-863.8267863641199
2019-11-20,13419.2998046875,1591.6099853515625,-861.9045002343123
2019-11-21,13406.419921875,1583.9599609375,-867.1996343401579
2019-11-22,13440.9501953125,1588.93994140625,-868.5329881960911
2019-11-25,13532.8896484375,1621.9000244140625,-852.3826332159833
2019-11-26,13559.7099609375,1624.22998046875,-854.956362613178
2019-11-27,13607.6201171875,1634.0999755859375,-853.8460095098753
2019-11-29,13545.2099609375,1624.5,-852.0352390333719
2019-12-02,13448.259765625,1607.5799560546875,-851.229417095838
2019-12-03,13366.08984375,1602.6300048828125,-841.1558501606542
2019-12-04,13457.9697265625,1613.9000244140625,-846.6846671332028
2019-12-05,13482.2998046875,1614.8299560546875,-850.2031195352588
2019-12-06,13588.2900390625,1633.8399658203125,-850.5718090426662
2019-12-09,13555.0703125,1629.6199951171875,-848.7180589470486
2019-12-10,13545.3095703125,1631.7099609375,-844.8434901522401
2019-12-11,13579.919921875,1631.9300537109375,-850.9513727684089
2019-12-12,13697.41015625,1644.81005859375,-859.5526669212773
2019-12-13,13697.33984375,1637.97998046875,-866.369889477076
2019-12-16,13795.150390625,1649.93994140625,-872.293096595562
2019-12-17,13795.349609375,1657.56005859375,-864.7094035207983
2019-12-18,13799.2099609375,1661.72998046875,-861.2452881048462
2019-12-19,13831.669921875,1667.0899658203125,-861.8201119848272
2019-12-20,13889.25,1671.9000244140625,-867.5376932692402
2019-12-23,13899.990234375,1674.1400146484375,-867.2613912303136
2019-12-24,13895.1396484375,1678.010009765625,-862.5045403878312
2019-12-26,13940.419921875,1677.6700439453125,-871.123314223998
2019-12-27,13944.1396484375,1669.030029296875,-880.4434241930812
2019-12-30,13876.150390625,1664.1500244140625,-872.89262930727
2019-12-31,13913.0302734375,1668.469970703125,-875.3156076136897
2020-01-02,14002.490234375,1666.77001953125,-893.3719494493635
2020-01-03,13917.0498046875,1660.8699951171875,-883.6504932389498
2020-01-06,13941.7998046875,1663.260009765625,-885.7856389492545
2020-01-07,13898.4501953125,1658.31005859375,-882.8097746095855
2020-01-08,13934.4404296875,1663.5899658203125,-884.1101333181987
2020-01-09,13997.650390625,1664.989990234375,-894.2670870662382
2020-01-10,13957.9697265625,1657.6400146484375,-894.3620578835212
2020-01-13,14042.650390625,1669.6099853515625,-897.8746562376728
2020-01-14,14037.1298828125,1675.739990234375,-890.7353106230116
2020-01-15,14053.23046875,1682.4000244140625,-887.0190232407749
2020-01-16,14141.7802734375,1705.219970703125,-880.3890594141872
2020-01-17,14183.2001953125,1699.6400146484375,-893.5420170256807
2020-01-21,14109.98046875,1685.9000244140625,-893.8948959825375
2020-01-22,14110.240234375,1684.4599609375,-895.3824536453149
2020-01-23,14102.0400390625,1685.010009765625,-893.3331240591265
2020-01-24,13978.4697265625,1662.22998046875,-893.5202046835811
2020-01-27,13769.599609375,1644.1400146484375,-873.4214523453993
2020-01-28,13877.6103515625,1658.31005859375,-878.999526738075
2020-01-29,13843.8095703125,1649.219970703125,-881.9096568344771
2020-01-30,13861.919921875,1648.219970703125,-886.2208586515885
2020-01-31,13614.099609375,1614.06005859375,-875.0706029138469
2020-02-03,13677.919921875,1632.2099609375,-868.5892722148465
2020-02-04,13862.83984375,1656.77001953125,-877.8390035205093
2020-02-05,14024.8603515625,1681.9200439453125,-882.3119600865048
2020-02-06,14034.9501953125,1677.4599609375,-888.6168172746566
2020-02-07,13931.9296875,1656.780029296875,-890.461018891418
2020-02-10,13984.48046875,1667.6700439453125,-889.1791138241297
2020-02-11,14054.080078125,1677.510009765625,-892.0643760170574
2020-02-12,14136.98046875,1689.3800048828125,-895.351454086961
2020-02-13,14099.0400390625,1693.739990234375,-884.0546393044683
2020-02-14,14097.33984375,1687.5799560546875,-889.903818678893
2020-02-18,14039.009765625,1683.52001953125,-883.2989892526907
2020-02-19,14087.1298828125,1692.5699462890625,-883.0470926667936
2020-02-20,14061.48046875,1696.0699462890625,-874.8574881520221
2020-02-21,13975.7802734375,1678.6099853515625,-876.6484742788311
2020-02-24,13534.1201171875,1628.0999755859375,-846.4076545051257
2020-02-25,13143.73046875,1571.9000244140625,-831.2308072296178
2020-02-26,13046.6201171875,1552.760009765625,-832.6156738653622
2020-02-27,12547.25,1497.8699951171875,-796.2034720031984
2020-02-28,12380.9697265625,1476.4300537109375,-787.2415991952985
2020-03-02,12827.990234375,1518.489990234375,-826.9125508131938
2020-03-03,12542.740234375,1486.0799560546875,-807.1689691411138
2020-03-04,13009.9599609375,1531.199951171875,-847.4729815173828
2020-03-05,12593.0302734375,1478.8199462890625,-823.623746228162
2020-03-06,12352.0302734375,1449.219970703125,-809.1605441794773
2020-03-09,11298.4296875,1313.43994140625,-752.3057611356635
2020-03-10,11793.26953125,1350.9000244140625,-805.3196031728507
2020-03-11,11177.2900390625,1264.300048828125,-779.2971149266627
2020-03-12,10060.759765625,1122.9300537109375,-716.5265632682908
2020-03-13,10851.740234375,1210.1300048828125,-773.9453378227561
2020-03-16,9567.5302734375,1037.4200439453125,-711.857076233533
2020-03-17,10063.3603515625,1106.510009765625,-733.4220847244671
2020-03-18,9384.599609375,991.1599731445312,-724.6710626135452
2020-03-19,9461.3095703125,1058.75,-671.1062832067653
2020-03-20,9133.16015625,1013.8900146484375,-655.9691485478168
2020-03-23,8777.3798828125,1002.4000244140625,-602.4101371748432
2020-03-24,9658.3203125,1096.5400390625,-669.3366562975289
2020-03-25,9961.3798828125,1110.3699951171875,-710.916524643472
2020-03-26,10536.2802734375,1180.3199462890625,-746.0783495476262
2020-03-27,10187.2099609375,1131.989990234375,-730.5861181057969
2020-03-30,10434.740234375,1158.3199462890625,-749.5133006752717
2020-03-31,10301.8701171875,1153.0999755859375,-730.4399951295757
2020-04-01,9844.849609375,1071.989990234375,-727.9907447201117
2020-04-02,10062.3701171875,1085.81005859375,-753.940986630095
2020-04-03,9880.6298828125,1052.050048828125,-754.4725639035064
2020-04-06,10515.240234375,1138.780029296875,-783.771416005995
2020-04-07,10537.0400390625,1139.1700439453125,-787.3671634585755
2020-04-08,10902.58984375,1191.6600341796875,-801.7123847521955
2020-04-09,11136.6103515625,1246.72998046875,-789.4295223049862
2020-04-13,10949.5302734375,1212.0400390625,-789.9147221580376
2020-04-14,11172.2001953125,1237.3299560546875,-805.3366073296077
2020-04-15,10843.919921875,1183.97998046875,-798.6655372623547
2020-04-16,10818.0302734375,1178.0899658203125,-799.8220242012508
2020-04-17,11208.2900390625,1229.0999755859375,-820.1650657899013
2020-04-20,11003.8798828125,1213.3499755859375,-798.5417835278074
2020-04-21,10706.4404296875,1185.0899658203125,-772.4195216810185
2020-04-22,10908.5595703125,1201.52001953125,-792.94387293571
2020-04-23,10916.6796875,1214.06005859375,-781.8884735663501
2020-04-24,11017.900390625,1233.050048828125,-781.4051464942083
2020-04-27,11264.83984375,1281.8800048828125,-777.7243065724806
2020-04-28,11319.7001953125,1298.0799560546875,-771.5547347200923
2020-04-29,11618.23046875,1360.760009765625,-763.4563924937561
2020-04-30,11372.33984375,1310.6600341796875,-768.5990141873149
2020-05-01,11058.5703125,1260.47998046875,-761.4110903389126
2020-05-04,11056.2802734375,1263.969970703125,-757.5024013576447
2020-05-05,11135.400390625,1273.510009765625,-762.4282700881113
2020-05-06,10999.990234375,1263.010009765625,-748.170586401905
2020-05-07,11121.669921875,1282.9300537109375,-750.4978191571645
2020-05-08,11354.33984375,1329.6400146484375,-746.3280080031159
2020-05-11,11281.3701171875,1321.239990234375,-741.3866298301523
2020-05-12,11055.580078125,1275.5400390625,-745.8043129549767
2020-05-13,10829.4404296875,1233.25,-746.7481632235656
2020-05-14,10927.41015625,1237.550048828125,-760.3603860317012
2020-05-15,10947.3203125,1256.989990234375,-744.5607133041933
2020-05-18,11402.23046875,1333.68994140625,-751.0341522677436
2020-05-19,11248.9697265625,1307.719970703125,-748.9827316537653
2020-05-20,11420.0400390625,1346.9300537109375,-741.0502485119191
2020-05-21,11351.599609375,1347.56005859375,-727.9069539581096
2020-05-22,11331.9697265625,1355.530029296875,-716.3479583034746
2020-05-26,11603.0,1393.0699462890625,-728.3617968417302
2020-05-27,11837.5302734375,1436.3599853515625,-727.9520444977907
2020-05-28,11804.91015625,1400.6700439453125,-757.6778945426504
2020-05-29,11802.9501953125,1394.0400390625,-763.9495504339857
2020-06-01,11900.240234375,1405.3699951171875,-770.407595513283
2020-06-02,12046.41015625,1418.2099609375,-784.2925725660698
2020-06-03,12302.1904296875,1452.0899658203125,-797.178093093667
2020-06-04,12286.98046875,1452.06005859375,-794.4270907326581
2020-06-05,12641.4404296875,1507.1500244140625,-804.1447274980314
2020-06-08,12836.599609375,1536.8900146484375,-810.0866194279615
2020-06-09,12619.51953125,1507.050048828125,-800.2368008359936
2020-06-10,12449.2197265625,1467.3900146484375,-808.760110762209
2020-06-11,11659.169921875,1356.219970703125,-775.481586723522
2020-06-12,11867.169921875,1387.6800537109375,-782.0511342053419
2020-06-15,11942.91015625,1419.6099853515625,-763.9691502881756
2020-06-16,12161.4697265625,1452.260009765625,-771.2794128883306
2020-06-17,12086.490234375,1426.530029296875,-783.3005357503935
2020-06-18,12072.58984375,1427.3299560546875,-779.9591343813777
2020-06-19,11980.1201171875,1418.6300048828125,-771.752405107824
2020-06-22,12028.91015625,1433.530029296875,-765.7728958722305
2020-06-23,12077.740234375,1439.3399658203125,-768.890795059724
2020-06-24,11726.5400390625,1389.739990234375,-754.2791665320983
2020-06-25,11865.1103515625,1413.31005859375,-756.0445682746845
2020-06-26,11604.4296875,1378.780029296875,-742.9131104076705
2020-06-29,11777.080078125,1421.2099609375,-732.049671840889
2020-06-30,11893.7802734375,1441.3699951171875,-733.2264900929435
2020-07-01,11901.5498046875,1427.31005859375,-748.7069670130886
2020-07-02,11991.51953125,1431.8599853515625,-760.6066337957814
2020-07-06,12160.009765625,1442.8800048828125,-780.3924861606506
2020-07-07,11990.1396484375,1416.0,-776.2143286017749
2020-07-08,12086.3896484375,1427.4000244140625,-782.4121500272659
2020-07-09,11928.6298828125,1398.9200439453125,-782.0481612996227
2020-07-10,12075.580078125,1422.6800537109375,-785.1557555153136
2020-07-13,12014.669921875,1403.5699462890625,-793.1293690177017
2020-07-14,12014.669921875,1428.260009765625,-768.4393055411392
2020-07-15,12391.3203125,1478.27001953125,-787.2940802911126
2020-07-16,12350.1103515625,1467.56005859375,-790.4694278298371
2020-07-17,12402.740234375,1473.3199462890625,-794.3321122310244
2020-07-20,12392.98046875,1467.949951171875,-797.9176829232883
2020-07-21,12508.6796875,1487.510009765625,-799.5114634497386
2020-07-22,12569.0703125,1490.1400146484375,-807.9229641139837
2020-07-23,12510.8701171875,1490.199951171875,-797.2220087340133
2020-07-24,12461.7802734375,1467.550048828125,-810.8965811806174
2020-07-27,12553.1298828125,1484.6500244140625,-810.4984896807546
2020-07-28,12491.2197265625,1469.760009765625,-814.0691756477358
2020-07-29,12669.6201171875,1500.6300048828125,-815.8169734857156
2020-07-30,12533.2802734375,1495.0999755859375,-796.4193399036162
2020-07-31,12465.0498046875,1480.4300537109375,-798.6143602656502
2020-08-03,12536.8095703125,1506.800048828125,-785.3645448154884
2020-08-04,12612.1103515625,1517.2099609375,-788.7222331220664
2020-08-05,12731.5498046875,1546.239990234375,-781.5298878070544
2020-08-06,12729.169921875,1544.6199951171875,-782.7147576167035
2020-08-07,12765.83984375,1569.1800537109375,-764.8592354604048
2020-08-10,12844.01953125,1584.6700439453125,-763.6632097809334
2020-08-11,12849.4296875,1575.0999755859375,-774.2224427704946
2020-08-12,12974.830078125,1583.25,-788.9999689272217
2020-08-13,12919.150390625,1579.7900390625,-782.2797474541294
2020-08-14,12902.5,1577.8800048828125,-781.145511427198
2020-08-17,12936.1103515625,1585.469970703125,-779.7006862345224
2020-08-18,12910.330078125,1569.77001953125,-790.6871072489466
2020-08-19,12859.8798828125,1572.0699462890625,-779.1631310398639
2020-08-20,12812.8603515625,1564.300048828125,-778.3362236967955
2020-08-21,12809.0703125,1552.47998046875,-789.4633411663235
2020-08-24,12972.8798828125,1568.469970703125,-803.4234347283423
2020-08-25,13001.990234375,1571.2099609375,-806.0058286927419
2020-08-26,13042.5400390625,1560.18994140625,-824.439762111936
2020-08-27,13068.8095703125,1564.56005859375,-824.8726284175773
2020-08-28,13170.9599609375,1578.3399658203125,-829.7693635460164
2020-08-31,13045.599609375,1561.8800048828125,-823.3090944451883
2020-09-01,13113.740234375,1578.5799560546875,-819.0676182256334
2020-09-02,13276.740234375,1592.2900390625,-835.1596014188308
2020-09-03,12966.1396484375,1544.6800537109375,-825.9810025729585
2020-09-04,12966.1396484375,1535.300048828125,-835.361007455771
2020-09-08,12688.0703125,1504.5899658203125,-815.2303496164654
2020-09-09,12885.7998046875,1526.47998046875,-829.4921596064573
2020-09-10,12706.6904296875,1507.75,-815.4747201305968
2020-09-11,12773.0400390625,1497.27001953125,-838.0857156361867
2020-09-14,12932.6904296875,1536.969970703125,-827.5754056325532
2020-09-15,12967.1796875,1538.1500244140625,-832.7011871642649
2020-09-16,12997.8603515625,1552.3299560546875,-824.1307474345695
2020-09-17,12948.4501953125,1542.5999755859375,-824.8268337464806
2020-09-18,12833.5703125,1536.780029296875,-809.6427440064485
2020-09-21,12833.5703125,1485.25,-861.1727733033235
2020-09-22,12602.5400390625,1496.9599609375,-807.2224473141559
2020-09-23,12359.16015625,1451.4599609375,-808.2241443719954
2020-09-24,12365.5400390625,1451.8199462890625,-809.0306233758488
2020-09-25,12485.3798828125,1474.9100341796875,-807.8514247917037
2020-09-28,12677.5400390625,1510.3399658203125,-807.5550495790476
2020-09-29,12602.6396484375,1504.72998046875,-799.4706398392741
2020-09-30,12701.8896484375,1507.68994140625,-814.6570290272357
2020-10-01,12726.83984375,1531.199951171875,-795.7087822826616
2020-10-02,12749.7900390625,1539.300048828125,-791.8047781235232
2020-10-05,12949.650390625,1581.9599609375,-785.6862858191957
2020-10-06,12837.8798828125,1577.2900390625,-769.9206735030998
2020-10-07,13042.330078125,1611.0400390625,-773.5512762976555
2020-10-08,13190.580078125,1628.550048828125,-783.1465199939921
2020-10-09,13252.6201171875,1637.550048828125,-785.4895957685558
2020-10-12,13324.8701171875,1649.050048828125,-787.1994073208439
2020-10-13,13211.9501953125,1636.8499755859375,-778.753793525414
2020-10-14,13143.16015625,1621.6500244140625,-781.3765342794322
2020-10-15,13137.25,1638.8800048828125,-763.0659717995113
2020-10-16,13169.3203125,1633.81005859375,-773.9994860407951
2020-10-19,13018.509765625,1613.6300048828125,-766.6061293113689
2020-10-20,13092.16015625,1617.7099609375,-775.9920248955559
2020-10-21,13040.1298828125,1603.780029296875,-780.4090138770334
2020-10-22,13145.919921875,1630.25,-773.2811397846326
2020-10-23,13199.8603515625,1640.5,-772.893325407073
2020-10-26,12936.3896484375,1605.2099609375,-760.0117611778069
2020-10-27,12817.8701171875,1590.7099609375,-752.8422708929897
2020-10-28,12415.419921875,1543.280029296875,-726.6903168691206
2020-10-29,12502.2900390625,1561.5799560546875,-724.2732673095375
2020-10-30,12429.330078125,1538.47998046875,-734.0336258041716
2020-11-02,12662.169921875,1568.5899658203125,-746.4948578616295
2020-11-03,12877.4501953125,1614.300048828125,-740.1454924044665
2020-11-04,12978.9501953125,1615.0799560546875,-757.9233135177969
2020-11-05,13199.1201171875,1660.050048828125,-753.2079360031935
2020-11-06,13218.669921875,1648.260009765625,-768.5723589522804
2020-11-09,13611.650390625,1705.0400390625,-783.6428201179297
2020-11-10,13707.990234375,1737.010009765625,-769.287121815004
2020-11-11,13724.7802734375,1736.93994140625,-772.426992969828
2020-11-12,13551.4697265625,1708.469970703125,-769.2097710882781
2020-11-13,13761.3203125,1744.0400390625,-772.0076846579223
2020-11-16,13982.1904296875,1785.3399658203125,-771.0904932022368
2020-11-17,13949.099609375,1791.9100341796875,-758.4702725876541
2020-11-18,13808.650390625,1769.3199462890625,-755.3813609993363
2020-11-19,13863.23046875,1784.1300048828125,-750.5504379978415
2020-11-20,13827.0,1785.3399658203125,-742.716287930396
2020-11-23,13998.240234375,1818.300048828125,-741.0648724141183
2020-11-24,14249.5,1853.530029296875,-751.7739113858993
2020-11-25,14191.580078125,1845.02001953125,-749.6941460222229
2020-11-27,14198.5,1855.27001953125,-740.7093482910855
2020-11-30,14006.4599609375,1819.8199462890625,-741.0478267026892
2020-12-01,14146.6396484375,1836.050048828125,-750.447443960632
2020-12-02,14188.240234375,1838.030029296875,-756.0734967195517
2020-12-03,14217.1796875,1848.699951171875,-750.6947128681854
2020-12-04,14417.330078125,1892.449951171875,-743.5391618961871
2020-12-07,14354.9697265625,1891.25,-733.337473033805
2020-12-08,14402.169921875,1917.780029296875,-715.4372802117996
2020-12-09,14374.080078125,1902.1500244140625,-725.9314851988238
2020-12-10,14394.33984375,1922.699951171875,-709.0857478666135
2020-12-11,14355.2900390625,1911.699951171875,-712.9460861216235
2020-12-14,14214.9296875,1913.8599853515625,-685.1233004740666
2020-12-15,14402.3203125,1959.760009765625,-673.484796377174
2020-12-16,14408.9404296875,1952.719970703125,-681.7352229898597
2020-12-17,14516.73046875,1978.050048828125,-676.1129109995231
2020-12-18,14467.8203125,1969.989990234375,-675.2304928174185
2020-12-21,14378.849609375,1970.3299560546875,-658.6235896689977
2020-12-22,14321.33984375,1989.8800048828125,-628.5587565319106
2020-12-23,14398.6201171875,2007.0999755859375,-625.4683062276604
2020-12-24,14382.5,2003.949951171875,-625.6710128528275
2020-12-28,14405.76953125,1996.25,-637.6254432319356
2020-12-29,14397.919921875,1959.3599853515625,-673.0802764187424
2020-12-30,14477.48046875,1979.989990234375,-666.9967051859744
2020-12-31,14524.7998046875,1974.8599853515625,-680.7783295914692
2021-01-04,14376.7001953125,1945.9100341796875,-682.650523935507
2021-01-05,14536.5302734375,1979.1099853515625,-678.6730670531647
2021-01-06,14788.83984375,2057.919921875,-645.9940907604114
2021-01-07,14928.75,2096.889892578125,-632.6045601723549
2021-01-08,14966.830078125,2091.659912109375,-644.7969026608648
2021-01-11,14937.9599609375,2091.010009765625,-640.16834400061
2021-01-12,15010.2900390625,2127.9599609375,-616.4428454459467
2021-01-13,14983.6103515625,2111.969970703125,-627.5548613668416
2021-01-14,15044.3798828125,2155.35009765625,-595.2855171948013
2021-01-15,14894.169921875,2123.199951171875,-599.9720612257379
2021-01-19,14987.33984375,2151.139892578125,-589.0668203082096
2021-01-20,15097.2802734375,2160.6201171875,-599.6875279915607
2021-01-21,15019.0498046875,2141.419921875,-604.5844741714013
2021-01-22,14951.83984375,2168.760009765625,-564.9560690707967
2021-01-25,14935.2900390625,2163.27001953125,-567.4201797044925
2021-01-26,14867.3701171875,2149.860107421875,-568.4119690648727
2021-01-27,14487.73046875,2108.699951171875,-540.1608005586609
2021-01-28,14669.51953125,2106.610107421875,-575.4880042794862
2021-01-29,14397.2001953125,2073.639892578125,-558.6687781574419
2021-02-01,14596.1796875,2126.159912109375,-542.5291267170828
2021-02-02,14768.580078125,2151.43994140625,-548.7698818035592
2021-02-03,14839.0595703125,2159.699951171875,-553.3959732157591
2021-02-04,14975.4296875,2202.419921875,-535.6092004283478
2021-02-05,15069.599609375,2233.330078125,-521.9165794290393
2021-02-08,15226.6103515625,2289.760009765625,-494.19366946290256
2021-02-09,15244.400390625,2299.0,-488.20631678594555
2021-02-10,15273.900390625,2282.43994140625,-510.1600008577925
2021-02-11,15297.08984375,2285.320068359375,-511.5197120469775
2021-02-12,15369.599609375,2289.360107421875,-520.73697872298
2021-02-16,15423.01953125,2272.889892578125,-546.9742122671692
2021-02-17,15402.58984375,2256.110107421875,-560.0187403722475
2021-02-18,15290.6396484375,2218.389892578125,-577.2705679036103
2021-02-19,15362.6904296875,2266.68994140625,-542.1439065150375
2021-02-22,15340.4697265625,2251.070068359375,-553.7010625952607
2021-02-23,15359.1298828125,2231.31005859375,-576.8727975871657
2021-02-24,15539.419921875,2284.3798828125,-556.7662597458593
2021-02-25,15206.669921875,2200.169921875,-580.1379536380459
2021-02-26,15010.4697265625,2201.050048828125,-543.3856106766129
2021-03-01,15327.76953125,2275.320068359375,-527.1290254083351
2021-03-02,15277.01953125,2231.510009765625,-561.6602198321384
2021-03-03,15199.1904296875,2207.7900390625,-571.1503252767925
2021-03-04,14959.41015625,2146.919921875,-588.180273245393
2021-03-05,15251.830078125,2192.2099609375,-596.3547609940151
2021-03-08,15288.3798828125,2202.97998046875,-592.2673163028317
2021-03-09,15375.6298828125,2245.06005859375,-566.1395711596606
2021-03-10,15521.83984375,2285.679931640625,-552.2519615183469
2021-03-11,15648.0,2338.5400390625,-522.4583162344611
2021-03-12,15715.2099609375,2352.7900390625,-520.4966334444407
2021-03-15,15775.5,2360.169921875,-524.1398655730582
2021-03-16,15669.2998046875,2319.52001953125,-545.3726804857447
2021-03-17,15731.150390625,2336.389892578125,-539.8112445964198
2021-03-18,15589.08984375,2267.590087890625,-582.637443010788
2021-03-19,15562.259765625,2287.550048828125,-557.7720111256835
2021-03-22,15551.5595703125,2266.840087890625,-576.5256044001967
2021-03-23,15346.5302734375,2185.68994140625,-620.1892681936806
2021-03-24,15276.5595703125,2134.27001953125,-658.8161132179907
2021-03-25,15410.3701171875,2183.1201171875,-634.4312350486248
2021-03-26,15682.5400390625,2221.47998046875,-645.8334946486166
2021-03-29,15611.8798828125,2158.679931640625,-695.7144106280534
2021-03-30,15626.1103515625,2195.800048828125,-661.1961178071724
2021-03-31,15601.740234375,2220.52001953125,-632.0204425289048
2021-04-01,15751.7001953125,2253.89990234375,-626.0584534793511
2021-04-05,15870.33984375,2264.889892578125,-636.7599151271779
2021-04-06,15877.9599609375,2259.14990234375,-643.8931276737085
2021-04-07,15838.849609375,2223.050048828125,-672.8422493708649
2021-04-08,15886.5595703125,2242.60009765625,-662.0152398943164
2021-04-09,15956.3701171875,2243.469970703125,-673.9091615682846
2021-04-12,15977.4599609375,2233.780029296875,-687.4550595365376
2021-04-13,15962.33984375,2228.919921875,-689.5506839314867
2021-04-14,16000.150390625,2247.719970703125,-677.6637174411844
2021-04-15,16116.849609375,2257.070068359375,-689.650293667104
2021-04-16,16186.2900390625,2262.669921875,-696.7465645844454
2021-04-19,16107.5595703125,2232.0,-713.0218199458009
2021-04-20,15944.6103515625,2188.2099609375,-727.0190773850472
2021-04-21,16121.6103515625,2239.6298828125,-707.9609083786286
2021-04-22,16030.6201171875,2232.610107421875,-698.3445059257615
2021-04-23,16206.0,2271.860107421875,-691.1600450540041
2021-04-26,16241.2099609375,2298.010009765625,-671.4477475372132
2021-04-27,16273.3095703125,2301.27001953125,-674.0566622109768
2021-04-28,16322.1298828125,2304.159912109375,-680.0928198480601
2021-04-29,16376.0,2295.4599609375,-698.6421010731747
2021-04-30,16219.330078125,2266.449951171875,-699.0074029650218
2021-05-03,16325.240234375,2277.449951171875,-707.3714611731311
2021-05-04,16289.26953125,2248.2900390625,-729.954678338775
2021-05-05,16348.41015625,2241.3701171875,-747.6875623083711
2021-05-06,16459.599609375,2241.419921875,-767.9670548164863
2021-05-07,16590.4296875,2271.6298828125,-761.6773800714072
2021-05-10,16516.830078125,2212.699951171875,-807.150744650914
2021-05-11,16355.6201171875,2206.989990234375,-783.3859207533123
2021-05-12,16042.9697265625,2135.139892578125,-798.0726586600044
2021-05-13,16181.6298828125,2170.949951171875,-787.6144967288615
2021-05-14,16415.359375,2224.6298828125,-776.6684411575634
2021-05-17,16422.9609375,2227.1201171875,-775.5680366528463
2021-05-18,16337.73046875,2210.8798828125,-776.2251785614008
2021-05-19,16233.3203125,2193.639892578125,-774.3753627306205
2021-05-20,16350.4501953125,2207.760009765625,-781.6706597866464
2021-05-21,16375.0,2215.27001953125,-778.6492077174553
2021-05-24,16464.689453125,2227.340087890625,-782.9774891713541
2021-05-25,16390.189453125,2205.75,-790.9463872952597
2021-05-26,16451.9609375,2249.27001953125,-758.7203424062086
2021-05-27,16531.94921875,2273.070068359375,-749.5449319407676
2021-05-28,16555.66015625,2268.969970703125,-757.9802132109012
2021-06-01,16643.3203125,2294.739990234375,-748.2375174818194
2021-06-02,16673.9609375,2297.830078125,-750.7496009696624
2021-06-03,16632.33984375,2279.25,-761.7198963259757
2021-06-04,16708.740234375,2286.409912109375,-768.5286314508908
2021-06-07,16709.30078125,2319.179931640625,-735.861099374104
2021-06-08,16685.48046875,2343.760009765625,-706.92584008313
2021-06-09,16620.0,2327.1298828125,-711.583861118705
2021-06-10,16651.4296875,2311.409912109375,-733.0502712546645
2021-06-11,16694.9296875,2335.81005859375,-716.6034369159579
2021-06-14,16662.419921875,2326.14990234375,-720.3196779062305
2021-06-15,16655.810546875,2320.070068359375,-725.191088385714
2021-06-16,16542.759765625,2314.68994140625,-709.9016026585423
2021-06-17,16411.650390625,2287.4599609375,-713.1602317572124
2021-06-18,16143.9501953125,2237.75,-713.9252912055931
2021-06-21,16411.98046875,2286.090087890625,-714.5904545595031
2021-06-22,16449.009765625,2295.949951171875,-711.5008339582873
2021-06-23,16437.630859375,2303.469970703125,-701.9003548113465
2021-06-24,16558.619140625,2333.6201171875,-693.8710719304004
2021-06-25,16658.7890625,2334.39990234375,-711.4058305966582
2021-06-28,16573.720703125,2322.340087890625,-707.9121918123287
2021-06-29,16547.5703125,2308.840087890625,-716.6309913670007
2021-06-30,16555.349609375,2310.550048828125,-716.3433563219301
2021-07-01,16640.9609375,2329.360107421875,-713.1860245277976
2021-07-02,16674.849609375,2305.760009765625,-742.982149439772
2021-07-06,16542.75,2274.5,-750.08975856907
2021-07-07,16559.310546875,2252.85009765625,-774.7675045587935
2021-07-08,16359.7001953125,2231.679931640625,-759.441959459863
2021-07-09,16633.30078125,2280.0,-761.1455891050555
2021-07-12,16673.140625,2281.820068359375,-766.6096290946093
2021-07-13,16575.76953125,2238.860107421875,-791.7667692836294
2021-07-14,16543.779296875,2202.360107421875,-822.4178423963313
2021-07-15,16499.060546875,2190.2900390625,-826.311768743888
2021-07-16,16364.66015625,2163.239990234375,-828.7887541434984
2021-07-19,16052.7099609375,2130.679931640625,-804.3134730309839
2021-07-20,16321.9404296875,2194.300048828125,-789.9180445122965
2021-07-21,16503.470703125,2234.0400390625,-783.3680986121044
2021-07-22,16455.919921875,2199.47998046875,-809.2342214345522
2021-07-23,16552.380859375,2209.64990234375,-816.7007121067086
2021-07-26,16565.310546875,2216.919921875,-811.7946889118598
2021-07-27,16520.9609375,2191.830078125,-828.7758823883464
2021-07-28,16573.560546875,2224.9599609375,-805.263036635607
2021-07-29,16697.140625,2240.030029296875,-812.7877024443746
2021-07-30,16602.2890625,2226.25,-809.2255688891378
2021-08-02,16576.2109375,2215.5,-815.2075811121549
2021-08-03,16713.4609375,2223.580078125,-832.2215740674533
2021-08-04,16594.48046875,2196.320068359375,-837.7278181501661
2021-08-05,16695.5,2236.010009765625,-816.5077586942689
2021-08-06,16748.080078125,2247.760009765625,-814.3712247625849
2021-08-09,16726.94921875,2234.81005859375,-823.4577202904229
2021-08-10,16792.779296875,2239.360107421875,-830.9436981267086
2021-08-11,16875.390625,2250.340087890625,-835.0679401716679
2021-08-12,16871.119140625,2244.070068359375,-840.5569838739589
2021-08-13,16868.109375,2223.110107421875,-860.9666550298284
2021-08-16,16836.740234375,2209.47998046875,-868.8614126235971
2021-08-17,16707.130859375,2177.169921875,-877.4743719902212
2021-08-18,16550.33984375,2158.780029296875,-867.1974165476108
2021-08-19,16429.140625,2132.419921875,-871.398093658454
2021-08-20,16516.6796875,2167.60009765625,-852.2231015324151
2021-08-23,16648.55078125,2208.300048828125,-835.6337703969639
2021-08-24,16741.16015625,2230.909912109375,-829.9561201499723
2021-08-25,16812.83984375,2239.27001953125,-834.7015513301999
2021-08-26,16694.3203125,2213.97998046875,-838.3221001078828
2021-08-27,16844.75,2277.14990234375,-802.6559543400745
2021-08-30,16819.630859375,2265.989990234375,-809.223214352402
2021-08-31,16806.439453125,2273.77001953125,-799.031337433767
2021-09-01,16845.990234375,2287.06005859375,-792.9725560468141
2021-09-02,16926.720703125,2304.02001953125,-790.7729311468975
2021-09-03,16909.720703125,2292.050048828125,-799.6347108965429
2021-09-07,16801.1796875,2275.610107421875,-796.2295815470802
2021-09-08,16731.0390625,2249.72998046875,-809.2855640239463
2021-09-09,16663.119140625,2249.1298828125,-797.4675389312015
2021-09-10,16563.48046875,2227.550048828125,-800.829960060365
2021-09-13,16635.390625,2240.780029296875,-800.7476558927651
2021-09-14,16497.23046875,2209.97998046875,-806.2872254392682
2021-09-15,16626.880859375,2234.449951171875,-805.521853045303
2021-09-16,16576.76953125,2232.909912109375,-797.8997993580988
2021-09-17,16460.349609375,2236.8701171875,-772.6539855754636
2021-09-20,16168.169921875,2182.199951171875,-773.9035479747363
2021-09-21,16184.5,2186.179931640625,-772.9092734529122
2021-09-22,16352.1796875,2218.56005859375,-771.1868222509506
2021-09-23,16567.259765625,2259.0400390625,-770.0309566705423
2021-09-24,16539.150390625,2248.070068359375,-775.861556486434
2021-09-27,16599.7890625,2281.0,-754.0184819842143
2021-09-28,16328.7802734375,2229.780029296875,-755.6886252474856
2021-09-29,16344.8896484375,2225.31005859375,-763.1039496942112
2021-09-30,16144.919921875,2204.3701171875,-747.4824737433232
2021-10-01,16323.740234375,2241.6298828125,-742.917277389552
2021-10-04,16198.5595703125,2217.469970703125,-744.1898125818898
2021-10-05,16327.08984375,2228.360107421875,-756.7994778129455
2021-10-06,16338.4599609375,2214.9599609375,-772.278476966861
2021-10-07,16511.810546875,2250.090087890625,-768.8428631308725
2021-10-08,16517.23046875,2233.090087890625,-786.833813256781
2021-10-11,16430.0703125,2220.639892578125,-783.3481021480975
2021-10-12,16441.75,2234.27001953125,-771.8534280789117
2021-10-13,16513.16015625,2241.969970703125,-777.2097358272022
2021-10-14,16744.2890625,2274.179931640625,-787.2581734481655
2021-10-15,16871.740234375,2265.64990234375,-819.0907074175257
2021-10-18,16862.0,2267.840087890625,-815.1196684371716
2021-10-19,16988.16015625,2275.909912109375,-830.1163063564109
2021-10-20,17099.2109375,2289.77001953125,-836.5601420908943
2021-10-21,17083.150390625,2296.179931640625,-827.2138037165305
2021-10-22,17122.240234375,2291.27001953125,-839.2706981033571
2021-10-25,17169.0703125,2312.639892578125,-826.4629912434743
2021-10-26,17145.150390625,2296.080078125,-838.6494124742571
2021-10-27,16920.380859375,2252.489990234375,-841.1438166208181
2021-10-28,17077.0,2297.97998046875,-824.2892496824647
2021-10-29,17016.41015625,2297.18994140625,-814.0013590851713
2021-11-01,17131.080078125,2358.1201171875,-774.0368311749849
2021-11-02,17115.169921875,2361.860107421875,-767.3879113097455
2021-11-03,17209.75,2404.280029296875,-742.2605155057759
2021-11-04,17168.869140625,2402.429931640625,-736.6361709690937
2021-11-05,17242.359375,2437.080078125,-715.4225939937464
2021-11-08,17310.509765625,2442.739990234375,-722.2229423324138
2021-11-09,17286.91015625,2427.2900390625,-733.35806454164
2021-11-10,17192.029296875,2389.580078125,-753.7205061398613
2021-11-11,17220.41015625,2409.139892578125,-739.3496993550511
2021-11-12,17297.66015625,2411.780029296875,-750.8335479984362
2021-11-15,17285.55078125,2400.929931640625,-759.4696309589631
2021-11-16,17302.7890625,2405.02001953125,-758.5313001174432
2021-11-17,17192.66015625,2377.010009765625,-766.4059175229004
2021-11-18,17117.740234375,2363.590087890625,-766.1278733151198
2021-11-19,16973.9609375,2343.159912109375,-760.2701955761036
2021-11-22,16945.779296875,2331.35009765625,-766.9274264736496
2021-11-23,17007.900390625,2327.860107421875,-781.7753120970838
2021-11-24,17036.810546875,2331.4599609375,-783.4612401179256
2021-11-26,16624.869140625,2245.93994140625,-793.6640506921221
2021-11-29,16683.98046875,2241.97998046875,-808.4316172370509
2021-11-30,16318.9697265625,2198.909912109375,-784.7650334323052
2021-12-01,16133.8896484375,2147.419921875,-802.4159516374207
2021-12-02,16475.25,2206.330078125,-805.9183340111363
2021-12-03,16347.8701171875,2159.31005859375,-829.6488829886744
2021-12-06,16591.970703125,2203.47998046875,-830.1090336401453
2021-12-07,16853.5703125,2253.7900390625,-827.6284773577577
2021-12-08,16899.919921875,2271.7099609375,-818.1828752802098
2021-12-09,16780.470703125,2220.2099609375,-847.8434058026246
2021-12-10,16856.630859375,2211.81005859375,-870.1680321858944
2021-12-13,16719.5703125,2180.5,-876.41865831636
2021-12-14,16652.580078125,2159.64990234375,-885.0206124163833
2021-12-15,16813.5703125,2195.2099609375,-878.8951650039821
2021-12-16,16849.08984375,2152.4599609375,-928.1393700453405
2021-12-17,16668.640625,2173.929931640625,-873.6770093844971
2021-12-20,16442.310546875,2139.8701171875,-866.355817877125
2021-12-21,16744.26953125,2202.949951171875,-858.4845829254709
2021-12-22,16874.880859375,2221.89990234375,-863.414922841836
2021-12-23,16963.439453125,2241.580078125,-859.9263364692106
2021-12-27,17141.08984375,2261.4599609375,-872.527120540401
2021-12-28,17134.16015625,2246.510009765625,-886.2100839476916
2021-12-29,17149.9296875,2249.239990234375,-886.3633219714038
2021-12-30,17164.240234375,2248.7900390625,-889.4297385748214
